{
  "n_samples": 3992,
  "n_features": 3,
  "test_size": 0.2,
  "random_state": 42,
  "test_pearson_r": 0.5100747510808309,
  "test_mae": 0.9667900951539246,
  "test_rmse": 1.2660417790235468,
  "cv_pearson_r_folds": [
    0.5100747510808308,
    0.4502074551895685,
    0.515660856084769,
    0.5030208910252633,
    0.48269715150300174
  ],
  "cv_rmse_folds": [
    1.2660417790235468,
    1.2688070488529948,
    1.3663078490010159,
    1.2892793427431073,
    1.2510618214222846
  ],
  "cv_pearson_r_mean": 0.4923322209766866,
  "cv_pearson_r_std": 0.02664864309065353,
  "cv_rmse_mean": 1.28829956820859,
  "cv_rmse_std": 0.04568443144629122,
  "robustness": {
    "repeated_splits": {
      "mae_mean": 0.9562132157973098,
      "mae_std": 0.016930857588286295,
      "r_mean": 0.5049914350259448,
      "r_std": 0.02087558975029099
    },
    "noise_5pct": {
      "mae": 0.9797333760375492,
      "r": 0.49008050833118405
    },
    "noise_10pct": {
      "mae": 0.9935428041432628,
      "r": 0.4659597381013833
    },
    "noise_20pct": {
      "mae": 1.0321976105009885,
      "r": 0.38646200752933835
    },
    "outliers_5pct": {
      "mae": 1.0109348310922175,
      "r": 0.43082452860381193
    }
  }
}