{
  "n_samples": 3992,
  "n_features": 3,
  "test_size": 0.2,
  "random_state": 42,
  "test_pearson_r": 0.510074751080831,
  "test_mae": 0.9667900951539246,
  "test_rmse": 1.2660417790235468,
  "cv_pearson_r_folds": [
    0.510074751080831,
    0.4502074551895685,
    0.5156608560847689,
    0.503020891025263,
    0.4826971515030018
  ],
  "cv_rmse_folds": [
    1.2660417790235468,
    1.2688070488529948,
    1.3663078490010159,
    1.2892793427431073,
    1.2510618214222846
  ],
  "cv_pearson_r_mean": 0.4923322209766866,
  "cv_pearson_r_std": 0.026648643090653516,
  "cv_rmse_mean": 1.28829956820859,
  "cv_rmse_std": 0.04568443144629122,
  "robustness": {
    "repeated_splits": {
      "mae_mean": 0.9562132157973098,
      "mae_std": 0.01693085758828623,
      "r_mean": 0.5049914350259447,
      "r_std": 0.02087558975029102
    },
    "noise_5pct": {
      "mae": 0.9599610919996879,
      "r": 0.5167427060168815
    },
    "noise_10pct": {
      "mae": 0.984650618052619,
      "r": 0.4699997976285979
    },
    "noise_20pct": {
      "mae": 1.0352449866148836,
      "r": 0.36394324837881925
    },
    "outliers_5pct": {
      "mae": 0.9953974696226067,
      "r": 0.4452655006775874
    }
  }
}