feature,coefficient,abs_coefficient
counts_pictures,0.596518576833847,0.596518576833847
counts_details,0.1796024472530987,0.1796024472530987
whazzup_len,0.1356322268320395,0.1356322268320395
