feature,coefficient,abs_coefficient
counts_pictures,0.5965185768338473,0.5965185768338473
counts_details,0.17960244725309868,0.17960244725309868
whazzup_len,0.13563222683203927,0.13563222683203927
