{
  "n_samples": 3992,
  "n_features": 22,
  "test_size": 0.2,
  "random_state": 42,
  "test_pearson_r": 0.6867256053644194,
  "test_mae": 0.7959780038021739,
  "test_rmse": 1.0728849312041053,
  "cv_pearson_r_folds": [
    0.6867256053644192,
    0.6725597952058558,
    0.6570390428680286,
    0.6790930539385808,
    0.677335841500054
  ],
  "cv_rmse_folds": [
    1.0728849312041053,
    1.0502894701156829,
    1.1939508654978686,
    1.0960198346904446,
    1.0508749204179524
  ],
  "cv_pearson_r_mean": 0.6745506677753876,
  "cv_pearson_r_std": 0.011036758474673445,
  "cv_rmse_mean": 1.0928040043852107,
  "cv_rmse_std": 0.059588866955954625
}