{
  "model": "XGBoost",
  "n_folds": 5,
  "cv_pearson_r_folds": [
    0.7277324512107181,
    0.7033996935472917,
    0.6916861867463682,
    0.7024333197848848,
    0.6958013808639474
  ],
  "cv_rmse_folds": [
    1.0117364626164527,
    1.008692491180849,
    1.1438220274751278,
    1.062385750620303,
    1.0263095992407396
  ],
  "cv_mae_folds": [
    0.7560738726058888,
    0.7469693466417429,
    0.7882308912510841,
    0.7839887326201728,
    0.7703873892733222
  ],
  "cv_pearson_r_mean": 0.7042106064306421,
  "cv_pearson_r_std": 0.0140059779419623,
  "cv_rmse_mean": 1.0505892662266945,
  "cv_rmse_std": 0.05631582182349622,
  "cv_mae_mean": 0.7691300464784421,
  "cv_mae_std": 0.01766892773510527
}